[{"model": "admin.logentry", "pk": 1, "fields": {"action_time": "2025-01-22T11:39:43.796Z", "user": 1, "content_type": 7, "object_id": "1", "object_repr": "bicyclestore.example.com", "action_flag": 2, "change_message": "[{\"changed\": {\"fields\": [\"Domain name\", \"Display name\"]}}]"}}, {"model": "admin.logentry", "pk": 2, "fields": {"action_time": "2025-01-22T11:44:27.389Z", "user": 1, "content_type": 7, "object_id": "1", "object_repr": "pedalpower.example.com", "action_flag": 2, "change_message": "[{\"changed\": {\"fields\": [\"Domain name\", \"Display name\"]}}]"}}, {"model": "admin.logentry", "pk": 3, "fields": {"action_time": "2025-01-22T11:52:53.784Z", "user": 1, "content_type": 8, "object_id": "1", "object_repr": "leepcopeman@gmail.com", "action_flag": 2, "change_message": "[{\"changed\": {\"fields\": [\"Verified\", \"Primary\"]}}]"}}, {"model": "admin.logentry", "pk": 4, "fields": {"action_time": "2025-02-05T13:10:25.077Z", "user": 1, "content_type": 13, "object_id": "1", "object_repr": "Road", "action_flag": 1, "change_message": "[{\"added\": {}}]"}}, {"model": "admin.logentry", "pk": 5, "fields": {"action_time": "2025-02-05T13:10:32.687Z", "user": 1, "content_type": 13, "object_id": "2", "object_repr": "Mountain", "action_flag": 1, "change_message": "[{\"added\": {}}]"}}, {"model": "admin.logentry", "pk": 6, "fields": {"action_time": "2025-02-05T13:10:36.387Z", "user": 1, "content_type": 13, "object_id": "3", "object_repr": "Kids", "action_flag": 1, "change_message": "[{\"added\": {}}]"}}, {"model": "admin.logentry", "pk": 7, "fields": {"action_time": "2025-02-05T13:10:49.430Z", "user": 1, "content_type": 13, "object_id": "4", "object_repr": "All", "action_flag": 1, "change_message": "[{\"added\": {}}]"}}, {"model": "admin.logentry", "pk": 8, "fields": {"action_time": "2025-02-05T13:11:30.855Z", "user": 1, "content_type": 13, "object_id": "4", "object_repr": "All", "action_flag": 3, "change_message": ""}}, {"model": "admin.logentry", "pk": 9, "fields": {"action_time": "2025-02-05T14:12:21.410Z", "user": 1, "content_type": 14, "object_id": "1", "object_repr": "Silver C48 Road Bike", "action_flag": 1, "change_message": "[{\"added\": {}}]"}}, {"model": "admin.logentry", "pk": 10, "fields": {"action_time": "2025-02-05T14:29:13.149Z", "user": 1, "content_type": 14, "object_id": "2", "object_repr": "Ribble CDR Road Bike", "action_flag": 1, "change_message": "[{\"added\": {}}]"}}, {"model": "admin.logentry", "pk": 11, "fields": {"action_time": "2025-02-05T14:52:16.648Z", "user": 1, "content_type": 14, "object_id": "3", "object_repr": "Focus White Road Bike", "action_flag": 1, "change_message": "[{\"added\": {}}]"}}, {"model": "admin.logentry", "pk": 12, "fields": {"action_time": "2025-02-05T15:10:45.604Z", "user": 1, "content_type": 14, "object_id": "4", "object_repr": "Trek SLX Blue Road Bike", "action_flag": 1, "change_message": "[{\"added\": {}}]"}}, {"model": "admin.logentry", "pk": 13, "fields": {"action_time": "2025-02-05T15:17:30.466Z", "user": 1, "content_type": 14, "object_id": "5", "object_repr": "BH Red Road Bike", "action_flag": 1, "change_message": "[{\"added\": {}}]"}}, {"model": "admin.logentry", "pk": 14, "fields": {"action_time": "2025-02-05T15:24:53.274Z", "user": 1, "content_type": 14, "object_id": "6", "object_repr": "Polygon White Mountain Bike", "action_flag": 1, "change_message": "[{\"added\": {}}]"}}, {"model": "admin.logentry", "pk": 15, "fields": {"action_time": "2025-02-05T15:28:37.889Z", "user": 1, "content_type": 14, "object_id": "7", "object_repr": "Norco Orange Mountain Bike", "action_flag": 1, "change_message": "[{\"added\": {}}]"}}, {"model": "admin.logentry", "pk": 16, "fields": {"action_time": "2025-02-05T15:31:42.909Z", "user": 1, "content_type": 14, "object_id": "8", "object_repr": "T-129 Grey Mountain Bike", "action_flag": 1, "change_message": "[{\"added\": {}}]"}}, {"model": "admin.logentry", "pk": 17, "fields": {"action_time": "2025-02-05T15:34:24.280Z", "user": 1, "content_type": 14, "object_id": "9", "object_repr": "KU Orange Kids Bike", "action_flag": 1, "change_message": "[{\"added\": {}}]"}}, {"model": "admin.logentry", "pk": 18, "fields": {"action_time": "2025-02-05T15:38:41.979Z", "user": 1, "content_type": 14, "object_id": "10", "object_repr": "Lumi Pink Kids Bike", "action_flag": 1, "change_message": "[{\"added\": {}}]"}}, {"model": "admin.logentry", "pk": 19, "fields": {"action_time": "2025-02-05T15:40:30.529Z", "user": 1, "content_type": 14, "object_id": "11", "object_repr": "Kross Blue Balance Bike", "action_flag": 1, "change_message": "[{\"added\": {}}]"}}, {"model": "admin.logentry", "pk": 20, "fields": {"action_time": "2025-02-10T12:29:20.549Z", "user": 1, "content_type": 14, "object_id": "11", "object_repr": "Kross Blue Balance Bike", "action_flag": 2, "change_message": "[]"}}, {"model": "admin.logentry", "pk": 21, "fields": {"action_time": "2025-02-17T11:54:10.665Z", "user": 1, "content_type": 14, "object_id": "11", "object_repr": "Kross Blue Balance Bike", "action_flag": 2, "change_message": "[{\"changed\": {\"fields\": [\"Image\"]}}]"}}, {"model": "admin.logentry", "pk": 22, "fields": {"action_time": "2025-02-17T12:07:59.172Z", "user": 1, "content_type": 14, "object_id": "9", "object_repr": "KU Orange Kids Bike", "action_flag": 2, "change_message": "[{\"changed\": {\"fields\": [\"Image\"]}}]"}}, {"model": "admin.logentry", "pk": 23, "fields": {"action_time": "2025-02-17T12:08:14.176Z", "user": 1, "content_type": 14, "object_id": "10", "object_repr": "Lumi Pink Kids Bike", "action_flag": 2, "change_message": "[{\"changed\": {\"fields\": [\"Image\"]}}]"}}, {"model": "admin.logentry", "pk": 24, "fields": {"action_time": "2025-02-17T12:08:30.500Z", "user": 1, "content_type": 14, "object_id": "8", "object_repr": "T-129 Grey Mountain Bike", "action_flag": 2, "change_message": "[{\"changed\": {\"fields\": [\"Image\"]}}]"}}, {"model": "admin.logentry", "pk": 25, "fields": {"action_time": "2025-02-17T12:08:42.863Z", "user": 1, "content_type": 14, "object_id": "7", "object_repr": "Norco Orange Mountain Bike", "action_flag": 2, "change_message": "[{\"changed\": {\"fields\": [\"Image\"]}}]"}}, {"model": "admin.logentry", "pk": 26, "fields": {"action_time": "2025-02-17T12:08:54.688Z", "user": 1, "content_type": 14, "object_id": "6", "object_repr": "Polygon White Mountain Bike", "action_flag": 2, "change_message": "[{\"changed\": {\"fields\": [\"Image\"]}}]"}}, {"model": "admin.logentry", "pk": 27, "fields": {"action_time": "2025-02-17T12:09:07.228Z", "user": 1, "content_type": 14, "object_id": "4", "object_repr": "Trek SLX Blue Road Bike", "action_flag": 2, "change_message": "[{\"changed\": {\"fields\": [\"Image\"]}}]"}}, {"model": "admin.logentry", "pk": 28, "fields": {"action_time": "2025-02-17T12:09:50.975Z", "user": 1, "content_type": 14, "object_id": "5", "object_repr": "BH Red Road Bike", "action_flag": 2, "change_message": "[]"}}, {"model": "admin.logentry", "pk": 29, "fields": {"action_time": "2025-02-17T12:10:09.411Z", "user": 1, "content_type": 14, "object_id": "1", "object_repr": "Silver C48 Road Bike", "action_flag": 2, "change_message": "[{\"changed\": {\"fields\": [\"Image\"]}}]"}}, {"model": "admin.logentry", "pk": 30, "fields": {"action_time": "2025-02-17T12:10:20.236Z", "user": 1, "content_type": 14, "object_id": "3", "object_repr": "Focus White Road Bike", "action_flag": 2, "change_message": "[{\"changed\": {\"fields\": [\"Image\"]}}]"}}, {"model": "admin.logentry", "pk": 31, "fields": {"action_time": "2025-02-17T12:10:31.905Z", "user": 1, "content_type": 14, "object_id": "2", "object_repr": "Ribble CDR Road Bike", "action_flag": 2, "change_message": "[{\"changed\": {\"fields\": [\"Image\"]}}]"}}, {"model": "admin.logentry", "pk": 32, "fields": {"action_time": "2025-02-17T12:11:25.925Z", "user": 1, "content_type": 14, "object_id": "5", "object_repr": "BH Red Road Bike", "action_flag": 2, "change_message": "[{\"changed\": {\"fields\": [\"Image\"]}}]"}}, {"model": "admin.logentry", "pk": 33, "fields": {"action_time": "2025-02-17T17:34:22.017Z", "user": 1, "content_type": 14, "object_id": "3", "object_repr": "Focus White Road Bike", "action_flag": 2, "change_message": "[{\"changed\": {\"fields\": [\"Image\", \"Description\"]}}]"}}, {"model": "admin.logentry", "pk": 34, "fields": {"action_time": "2025-02-18T14:00:02.118Z", "user": 1, "content_type": 4, "object_id": "2", "object_repr": "superuser", "action_flag": 2, "change_message": "[{\"changed\": {\"fields\": [\"Staff status\", \"Superuser status\"]}}]"}}, {"model": "admin.logentry", "pk": 35, "fields": {"action_time": "2025-02-19T13:17:09.358Z", "user": 2, "content_type": 15, "object_id": "5", "object_repr": "E5C9A6569F664B92BA2B02249C053E6D", "action_flag": 2, "change_message": "[{\"changed\": {\"name\": \"order line item\", \"object\": \"2 x Ribble CDR Road Bike in Order E5C9A6569F664B92BA2B02249C053E6D\", \"fields\": [\"Quantity\"]}}]"}}, {"model": "admin.logentry", "pk": 36, "fields": {"action_time": "2025-02-19T13:20:27.704Z", "user": 2, "content_type": 15, "object_id": "5", "object_repr": "E5C9A6569F664B92BA2B02249C053E6D", "action_flag": 2, "change_message": "[{\"changed\": {\"name\": \"order line item\", \"object\": \"1 x Ribble CDR Road Bike in Order E5C9A6569F664B92BA2B02249C053E6D\", \"fields\": [\"Quantity\"]}}]"}}, {"model": "admin.logentry", "pk": 37, "fields": {"action_time": "2025-02-19T13:20:40.076Z", "user": 2, "content_type": 15, "object_id": "4", "object_repr": "D7FDE3048487496AB75FFD11B4EF0F96", "action_flag": 2, "change_message": "[]"}}, {"model": "admin.logentry", "pk": 38, "fields": {"action_time": "2025-02-19T13:20:52.975Z", "user": 2, "content_type": 15, "object_id": "4", "object_repr": "D7FDE3048487496AB75FFD11B4EF0F96", "action_flag": 2, "change_message": "[{\"changed\": {\"name\": \"order line item\", \"object\": \"2 x Ribble CDR Road Bike in Order D7FDE3048487496AB75FFD11B4EF0F96\", \"fields\": [\"Quantity\"]}}]"}}, {"model": "admin.logentry", "pk": 39, "fields": {"action_time": "2025-02-19T13:21:04.493Z", "user": 2, "content_type": 15, "object_id": "4", "object_repr": "D7FDE3048487496AB75FFD11B4EF0F96", "action_flag": 2, "change_message": "[{\"changed\": {\"name\": \"order line item\", \"object\": \"1 x Ribble CDR Road Bike in Order D7FDE3048487496AB75FFD11B4EF0F96\", \"fields\": [\"Quantity\"]}}]"}}, {"model": "admin.logentry", "pk": 40, "fields": {"action_time": "2025-02-20T10:49:24.981Z", "user": 2, "content_type": 14, "object_id": "12", "object_repr": "test", "action_flag": 3, "change_message": ""}}, {"model": "admin.logentry", "pk": 41, "fields": {"action_time": "2025-02-20T10:49:24.981Z", "user": 2, "content_type": 14, "object_id": "13", "object_repr": "test2", "action_flag": 3, "change_message": ""}}, {"model": "admin.logentry", "pk": 42, "fields": {"action_time": "2025-02-21T13:52:57.385Z", "user": 2, "content_type": 15, "object_id": "23", "object_repr": "C27B12E05CCB4C0E9EE46C3529EA9C60", "action_flag": 2, "change_message": "[{\"changed\": {\"fields\": [\"Status\"]}}]"}}, {"model": "admin.logentry", "pk": 43, "fields": {"action_time": "2025-02-22T09:45:29.651Z", "user": 2, "content_type": 15, "object_id": "27", "object_repr": "46C48CC106A34B9C81E0331A89832D22", "action_flag": 2, "change_message": "[{\"changed\": {\"name\": \"order line item\", \"object\": \"2 x Ribble CDR Road Bike             in Order 46C48CC106A34B9C81E0331A89832D22\", \"fields\": [\"Quantity\"]}}]"}}, {"model": "admin.logentry", "pk": 44, "fields": {"action_time": "2025-02-22T09:45:48.115Z", "user": 2, "content_type": 15, "object_id": "27", "object_repr": "46C48CC106A34B9C81E0331A89832D22", "action_flag": 2, "change_message": "[{\"changed\": {\"name\": \"order line item\", \"object\": \"1 x Ribble CDR Road Bike             in Order 46C48CC106A34B9C81E0331A89832D22\", \"fields\": [\"Quantity\"]}}]"}}, {"model": "admin.logentry", "pk": 45, "fields": {"action_time": "2025-02-22T09:46:02.247Z", "user": 2, "content_type": 15, "object_id": "27", "object_repr": "46C48CC106A34B9C81E0331A89832D22", "action_flag": 2, "change_message": "[{\"changed\": {\"name\": \"order line item\", \"object\": \"1 x BH Red Road Bike             in Order 46C48CC106A34B9C81E0331A89832D22\", \"fields\": [\"Product\"]}}]"}}, {"model": "admin.logentry", "pk": 46, "fields": {"action_time": "2025-02-22T09:46:11.206Z", "user": 2, "content_type": 15, "object_id": "27", "object_repr": "46C48CC106A34B9C81E0331A89832D22", "action_flag": 2, "change_message": "[{\"changed\": {\"name\": \"order line item\", \"object\": \"2 x BH Red Road Bike             in Order 46C48CC106A34B9C81E0331A89832D22\", \"fields\": [\"Quantity\"]}}]"}}, {"model": "admin.logentry", "pk": 47, "fields": {"action_time": "2025-02-22T15:04:00.762Z", "user": 2, "content_type": 4, "object_id": "2", "object_repr": "superuser", "action_flag": 2, "change_message": "[]"}}, {"model": "auth.permission", "pk": 1, "fields": {"name": "Can add log entry", "content_type": 1, "codename": "add_logentry"}}, {"model": "auth.permission", "pk": 2, "fields": {"name": "Can change log entry", "content_type": 1, "codename": "change_logentry"}}, {"model": "auth.permission", "pk": 3, "fields": {"name": "Can delete log entry", "content_type": 1, "codename": "delete_logentry"}}, {"model": "auth.permission", "pk": 4, "fields": {"name": "Can view log entry", "content_type": 1, "codename": "view_logentry"}}, {"model": "auth.permission", "pk": 5, "fields": {"name": "Can add permission", "content_type": 2, "codename": "add_permission"}}, {"model": "auth.permission", "pk": 6, "fields": {"name": "Can change permission", "content_type": 2, "codename": "change_permission"}}, {"model": "auth.permission", "pk": 7, "fields": {"name": "Can delete permission", "content_type": 2, "codename": "delete_permission"}}, {"model": "auth.permission", "pk": 8, "fields": {"name": "Can view permission", "content_type": 2, "codename": "view_permission"}}, {"model": "auth.permission", "pk": 9, "fields": {"name": "Can add group", "content_type": 3, "codename": "add_group"}}, {"model": "auth.permission", "pk": 10, "fields": {"name": "Can change group", "content_type": 3, "codename": "change_group"}}, {"model": "auth.permission", "pk": 11, "fields": {"name": "Can delete group", "content_type": 3, "codename": "delete_group"}}, {"model": "auth.permission", "pk": 12, "fields": {"name": "Can view group", "content_type": 3, "codename": "view_group"}}, {"model": "auth.permission", "pk": 13, "fields": {"name": "Can add user", "content_type": 4, "codename": "add_user"}}, {"model": "auth.permission", "pk": 14, "fields": {"name": "Can change user", "content_type": 4, "codename": "change_user"}}, {"model": "auth.permission", "pk": 15, "fields": {"name": "Can delete user", "content_type": 4, "codename": "delete_user"}}, {"model": "auth.permission", "pk": 16, "fields": {"name": "Can view user", "content_type": 4, "codename": "view_user"}}, {"model": "auth.permission", "pk": 17, "fields": {"name": "Can add content type", "content_type": 5, "codename": "add_contenttype"}}, {"model": "auth.permission", "pk": 18, "fields": {"name": "Can change content type", "content_type": 5, "codename": "change_contenttype"}}, {"model": "auth.permission", "pk": 19, "fields": {"name": "Can delete content type", "content_type": 5, "codename": "delete_contenttype"}}, {"model": "auth.permission", "pk": 20, "fields": {"name": "Can view content type", "content_type": 5, "codename": "view_contenttype"}}, {"model": "auth.permission", "pk": 21, "fields": {"name": "Can add session", "content_type": 6, "codename": "add_session"}}, {"model": "auth.permission", "pk": 22, "fields": {"name": "Can change session", "content_type": 6, "codename": "change_session"}}, {"model": "auth.permission", "pk": 23, "fields": {"name": "Can delete session", "content_type": 6, "codename": "delete_session"}}, {"model": "auth.permission", "pk": 24, "fields": {"name": "Can view session", "content_type": 6, "codename": "view_session"}}, {"model": "auth.permission", "pk": 25, "fields": {"name": "Can add site", "content_type": 7, "codename": "add_site"}}, {"model": "auth.permission", "pk": 26, "fields": {"name": "Can change site", "content_type": 7, "codename": "change_site"}}, {"model": "auth.permission", "pk": 27, "fields": {"name": "Can delete site", "content_type": 7, "codename": "delete_site"}}, {"model": "auth.permission", "pk": 28, "fields": {"name": "Can view site", "content_type": 7, "codename": "view_site"}}, {"model": "auth.permission", "pk": 29, "fields": {"name": "Can add email address", "content_type": 8, "codename": "add_emailaddress"}}, {"model": "auth.permission", "pk": 30, "fields": {"name": "Can change email address", "content_type": 8, "codename": "change_emailaddress"}}, {"model": "auth.permission", "pk": 31, "fields": {"name": "Can delete email address", "content_type": 8, "codename": "delete_emailaddress"}}, {"model": "auth.permission", "pk": 32, "fields": {"name": "Can view email address", "content_type": 8, "codename": "view_emailaddress"}}, {"model": "auth.permission", "pk": 33, "fields": {"name": "Can add email confirmation", "content_type": 9, "codename": "add_emailconfirmation"}}, {"model": "auth.permission", "pk": 34, "fields": {"name": "Can change email confirmation", "content_type": 9, "codename": "change_emailconfirmation"}}, {"model": "auth.permission", "pk": 35, "fields": {"name": "Can delete email confirmation", "content_type": 9, "codename": "delete_emailconfirmation"}}, {"model": "auth.permission", "pk": 36, "fields": {"name": "Can view email confirmation", "content_type": 9, "codename": "view_emailconfirmation"}}, {"model": "auth.permission", "pk": 37, "fields": {"name": "Can add social account", "content_type": 10, "codename": "add_socialaccount"}}, {"model": "auth.permission", "pk": 38, "fields": {"name": "Can change social account", "content_type": 10, "codename": "change_socialaccount"}}, {"model": "auth.permission", "pk": 39, "fields": {"name": "Can delete social account", "content_type": 10, "codename": "delete_socialaccount"}}, {"model": "auth.permission", "pk": 40, "fields": {"name": "Can view social account", "content_type": 10, "codename": "view_socialaccount"}}, {"model": "auth.permission", "pk": 41, "fields": {"name": "Can add social application", "content_type": 11, "codename": "add_socialapp"}}, {"model": "auth.permission", "pk": 42, "fields": {"name": "Can change social application", "content_type": 11, "codename": "change_socialapp"}}, {"model": "auth.permission", "pk": 43, "fields": {"name": "Can delete social application", "content_type": 11, "codename": "delete_socialapp"}}, {"model": "auth.permission", "pk": 44, "fields": {"name": "Can view social application", "content_type": 11, "codename": "view_socialapp"}}, {"model": "auth.permission", "pk": 45, "fields": {"name": "Can add social application token", "content_type": 12, "codename": "add_socialtoken"}}, {"model": "auth.permission", "pk": 46, "fields": {"name": "Can change social application token", "content_type": 12, "codename": "change_socialtoken"}}, {"model": "auth.permission", "pk": 47, "fields": {"name": "Can delete social application token", "content_type": 12, "codename": "delete_socialtoken"}}, {"model": "auth.permission", "pk": 48, "fields": {"name": "Can view social application token", "content_type": 12, "codename": "view_socialtoken"}}, {"model": "auth.permission", "pk": 49, "fields": {"name": "Can add category", "content_type": 13, "codename": "add_category"}}, {"model": "auth.permission", "pk": 50, "fields": {"name": "Can change category", "content_type": 13, "codename": "change_category"}}, {"model": "auth.permission", "pk": 51, "fields": {"name": "Can delete category", "content_type": 13, "codename": "delete_category"}}, {"model": "auth.permission", "pk": 52, "fields": {"name": "Can view category", "content_type": 13, "codename": "view_category"}}, {"model": "auth.permission", "pk": 53, "fields": {"name": "Can add product", "content_type": 14, "codename": "add_product"}}, {"model": "auth.permission", "pk": 54, "fields": {"name": "Can change product", "content_type": 14, "codename": "change_product"}}, {"model": "auth.permission", "pk": 55, "fields": {"name": "Can delete product", "content_type": 14, "codename": "delete_product"}}, {"model": "auth.permission", "pk": 56, "fields": {"name": "Can view product", "content_type": 14, "codename": "view_product"}}, {"model": "auth.permission", "pk": 57, "fields": {"name": "Can add order", "content_type": 15, "codename": "add_order"}}, {"model": "auth.permission", "pk": 58, "fields": {"name": "Can change order", "content_type": 15, "codename": "change_order"}}, {"model": "auth.permission", "pk": 59, "fields": {"name": "Can delete order", "content_type": 15, "codename": "delete_order"}}, {"model": "auth.permission", "pk": 60, "fields": {"name": "Can view order", "content_type": 15, "codename": "view_order"}}, {"model": "auth.permission", "pk": 61, "fields": {"name": "Can add order line item", "content_type": 16, "codename": "add_orderlineitem"}}, {"model": "auth.permission", "pk": 62, "fields": {"name": "Can change order line item", "content_type": 16, "codename": "change_orderlineitem"}}, {"model": "auth.permission", "pk": 63, "fields": {"name": "Can delete order line item", "content_type": 16, "codename": "delete_orderlineitem"}}, {"model": "auth.permission", "pk": 64, "fields": {"name": "Can view order line item", "content_type": 16, "codename": "view_orderlineitem"}}, {"model": "auth.permission", "pk": 65, "fields": {"name": "Can add profile", "content_type": 17, "codename": "add_profile"}}, {"model": "auth.permission", "pk": 66, "fields": {"name": "Can change profile", "content_type": 17, "codename": "change_profile"}}, {"model": "auth.permission", "pk": 67, "fields": {"name": "Can delete profile", "content_type": 17, "codename": "delete_profile"}}, {"model": "auth.permission", "pk": 68, "fields": {"name": "Can view profile", "content_type": 17, "codename": "view_profile"}}, {"model": "auth.user", "pk": 1, "fields": {"password": "pbkdf2_sha256$870000$i4VXsragcbYGR2pTpOgWku$WADekHAy42cpf7/KpZLwkjVwNiyGF0DbwCkFpWX7PqA=", "last_login": "2025-02-18T13:59:34.790Z", "is_superuser": true, "username": "superlee", "first_name": "", "last_name": "", "email": "leepcopeman@gmail.com", "is_staff": true, "is_active": true, "date_joined": "2025-01-22T11:07:32.419Z", "groups": [], "user_permissions": []}}, {"model": "auth.user", "pk": 2, "fields": {"password": "pbkdf2_sha256$870000$cqN86vf5tZP0owxDTRzO67$Ky+Iob0cfusncgFbOBx6PqiXx9m9Zq5OHEnfI+S2ZoI=", "last_login": "2025-02-22T15:02:24Z", "is_superuser": true, "username": "superuser", "first_name": "", "last_name": "", "email": "leecopeman@hotmail.com", "is_staff": true, "is_active": true, "date_joined": "2025-02-18T13:57:38Z", "groups": [], "user_permissions": []}}, {"model": "auth.user", "pk": 3, "fields": {"password": "pbkdf2_sha256$870000$cptAX6yMzyMYXQZMc0bHQJ$bnuWMnPQA493IteDrfroLajc30aQgY0BjVis4I/UpsI=", "last_login": "2025-02-20T13:33:37.135Z", "is_superuser": false, "username": "test", "first_name": "", "last_name": "", "email": "test@test.com", "is_staff": false, "is_active": true, "date_joined": "2025-02-18T14:04:21.135Z", "groups": [], "user_permissions": []}}, {"model": "auth.user", "pk": 4, "fields": {"password": "pbkdf2_sha256$870000$LT2Inadyuthpl2XEfqOkhy$GwM51uVhcz2/jw2DTBLQbMkdunMcu3clr3K4Ecb5ASI=", "last_login": null, "is_superuser": true, "username": "super", "first_name": "", "last_name": "", "email": "", "is_staff": true, "is_active": true, "date_joined": "2025-02-22T15:00:56.797Z", "groups": [], "user_permissions": []}}, {"model": "contenttypes.contenttype", "pk": 1, "fields": {"app_label": "admin", "model": "logentry"}}, {"model": "contenttypes.contenttype", "pk": 2, "fields": {"app_label": "auth", "model": "permission"}}, {"model": "contenttypes.contenttype", "pk": 3, "fields": {"app_label": "auth", "model": "group"}}, {"model": "contenttypes.contenttype", "pk": 4, "fields": {"app_label": "auth", "model": "user"}}, {"model": "contenttypes.contenttype", "pk": 5, "fields": {"app_label": "contenttypes", "model": "contenttype"}}, {"model": "contenttypes.contenttype", "pk": 6, "fields": {"app_label": "sessions", "model": "session"}}, {"model": "contenttypes.contenttype", "pk": 7, "fields": {"app_label": "sites", "model": "site"}}, {"model": "contenttypes.contenttype", "pk": 8, "fields": {"app_label": "account", "model": "emailaddress"}}, {"model": "contenttypes.contenttype", "pk": 9, "fields": {"app_label": "account", "model": "emailconfirmation"}}, {"model": "contenttypes.contenttype", "pk": 10, "fields": {"app_label": "socialaccount", "model": "socialaccount"}}, {"model": "contenttypes.contenttype", "pk": 11, "fields": {"app_label": "socialaccount", "model": "socialapp"}}, {"model": "contenttypes.contenttype", "pk": 12, "fields": {"app_label": "socialaccount", "model": "socialtoken"}}, {"model": "contenttypes.contenttype", "pk": 13, "fields": {"app_label": "products", "model": "category"}}, {"model": "contenttypes.contenttype", "pk": 14, "fields": {"app_label": "products", "model": "product"}}, {"model": "contenttypes.contenttype", "pk": 15, "fields": {"app_label": "checkout", "model": "order"}}, {"model": "contenttypes.contenttype", "pk": 16, "fields": {"app_label": "checkout", "model": "orderlineitem"}}, {"model": "contenttypes.contenttype", "pk": 17, "fields": {"app_label": "profiles", "model": "profile"}}, {"model": "sessions.session", "pk": "74iean9u53ppv4rnivwt778txr0jgsmo", "fields": {"session_data": "eyJiYWciOnsiMyI6MX19:1tlonW:qvvk41AqoVL65O68dP_mG6Q9RNLJwotu0SHp4yYpoBA", "expire_date": "2025-03-08T12:39:58.980Z"}}, {"model": "sessions.session", "pk": "b8r3ah0zg5ikmmzfjhsvmeohlf3qqzx2", "fields": {"session_data": ".eJxVjMEOgyAQRP9lzw1BFEGPvfcbyC6slbYBI5q0afrv1cSLx5n3Zr7gCpcSc3L8nuL8gV5ewOG6jG4tPLsYoAcFp47QPzntIDww3bPwOS1zJLEr4qBF3HLg1_VwTwcjlnFbE2LoWiZG06GVctBV0C15a0hKswWqlMbGa_JNbbTiIbBVNVd1R7JBC78_Lio_jQ:1tlr2u:872BayJb3luMP8aztk1d38MTJn-_TNUbkVRY02v4zLw", "expire_date": "2025-03-08T15:04:00.786Z"}}, {"model": "sessions.session", "pk": "bwtwylhhdsigl04ee7tatnav0w7u43ri", "fields": {"session_data": "e30:1tkM4i:sHECvkkZMKNk3bJPZ63SOppn9NZ132uynRz-j1jsdTE", "expire_date": "2025-03-04T11:47:40.049Z"}}, {"model": "sessions.session", "pk": "c6dbc1x57w7fu62sxaeyk5reszoseoxw", "fields": {"session_data": "e30:1tkNrv:rS7g83Kaz5jHDtNu3VWQoIM6bBmLz0K4u3Jo_4aA3ws", "expire_date": "2025-03-04T13:42:35.259Z"}}, {"model": "sessions.session", "pk": "cs16yeabkdn5w13j430h91sbzgi98fqn", "fields": {"session_data": ".eJxVUEtvwjAM_iuVz1GVppSWHnffaUeKIidxIawkqGnQEOK_z53QJE6Wv5cfD0BrYw6LvtHsR09O0wX9BH3I0yT-2Zxohh5qEKAxL6c_QHvHmHrHDNpvCivhzhiOsbQxLLM35SopX2wqP6Oj6eOlfQs4YTqx2yC63ZYMYbvDTsqxqVyzNbZrjZQtN6ZSDW5sY-ymbhtFo6NO1VTVOyM32K2hiVLyMWj6ufr5Dr0UkPBG2ocxQr_MmQTPOUL_4Cv6SkDFRXHh5sn-C_vxSInX2e8H0PqcOO2FDiAKKQrViGKAr2wtwyM_7V7wZbSQK1RxnaPLdknlKh5ggMMBnr_S8nnX:1tl47Q:jtrSwrhy1G0X_MLoSvuZIQYj1HA4nSGbe_z9LBwMHVo", "expire_date": "2025-03-06T10:49:24.994Z"}}, {"model": "sessions.session", "pk": "djq5k2738hl5vuifmfqq41vswnwwgddx", "fields": {"session_data": "e30:1tkO3k:dw-dAYfeUmgp1CBdmqukXve6DRXcKVG44h2fZTP9HDE", "expire_date": "2025-03-04T13:54:48.091Z"}}, {"model": "sessions.session", "pk": "hlyr1barhvnfwof7nys76lxhmy7ix0e2", "fields": {"session_data": "e30:1tkNxk:95y63G5uRbPuWsKHMp_cnczIvpOxhNxuR1Mbr6zgnKI", "expire_date": "2025-03-04T13:48:36.972Z"}}, {"model": "sessions.session", "pk": "ke7q2qm5vt8r0xzti73dmkgqsv2d63vc", "fields": {"session_data": "eyJiYWciOnsiMSI6MX19:1tiF0b:aNfb6_XqSBOAjqxbbViLf__Y-_mjA5hokeHVszy2NRs", "expire_date": "2025-02-26T15:50:41.982Z"}}, {"model": "sessions.session", "pk": "lfjcgthmy2xitnv1fmc68it0p4v5toei", "fields": {"session_data": ".eJxVjM0KgzAQhN9lzyLZmJqYY-99hpCfjdqWWIxCi_juVfHQXmZgvplZwNh56sycaTR9AA0IxW_mrH9Q2kG429QOpR_SNPau3CvlSXN5GwI9r2f376CzudvWlnuqqWbBsegUR4acWx5ZrBspmkhCSGIVSR4tuzSSvFMKIzIheYUhiv00U879kAy9X_34Ac0KcLYFvQAHjQVUhyIepjZd1y8UE0Xe:1tiCtv:WxUn2C2OKNlxxFtrlljLIxVP04h-RNXDRvDOUxSE6Kg", "expire_date": "2025-02-26T13:35:39.312Z"}}, {"model": "sessions.session", "pk": "rvs3wjjfvyy0jib73a9wk73y5xixfbtj", "fields": {"session_data": ".eJxVjDsOgzAQRO-yNUI2YD4u0-cM1q69gJPIjjBEiRB3D0g0lDPz5q2Q8MPGhz6CnqeFMzC4zKNZEk_GO9BQwKUjtE8Ox-AeGIaY2xjmyVN-IPm5pvweHb9uJ3sRjJjG_U2IrquZGJsOWyF6JZ2qybYNCdHsgWShsLKKbFU2quDecVuULMuORIXtIU2cko_B8Pftpx9oke3aAfQKErTctj9spkld:1tlSsj:azoCXcffVrdkryaO44WFrYPtMwxmXRQ4W7e1PHO3NOc", "expire_date": "2025-03-07T13:15:53.521Z"}}, {"model": "sessions.session", "pk": "uayfjlq4ad15ahjx49qn1t3226zz8uf4", "fields": {"session_data": "e30:1tkO37:POoteN1Oi_eC3bo8qDkuuRNJefMLwAIHh4iFvTZDv0Q", "expire_date": "2025-03-04T13:54:09.912Z"}}, {"model": "sessions.session", "pk": "xhj4kk3q46whn06q0a7qpzpf3bpopnvr", "fields": {"session_data": ".eJxVjEEOgyAURO_C2hBEEXTZfc9A_odvpW3AgDZtmt69mrholzPz5r2ZhXWZ7Foo2-DZwCSrfjsEd6O4D_4K8ZK4S3HJAfmO8GMt_Jw83U8H-yeYoEzbGwF83xES6B6MEKOqverQGY1C6C1gLRW0TqFrG60kjZ6MbKhuehQtmF1aqJSQoqXnHPKLDaJiBR5kQxwTG5a80ucLIM5FsQ:1tl7s4:YoIvabuqRhVCCYTP3J-I09t316bgkgiHLJHCaHwOapU", "expire_date": "2025-03-06T14:49:48.330Z"}}, {"model": "sessions.session", "pk": "xqh56hshbsreirf91ht6a0h2ktth7ss8", "fields": {"session_data": "eyJiYWciOnsiNCI6MTQ2LCI2IjoyNywiMiI6MjQsIjciOjcsIjUiOjUsIjkiOjMsIjMiOjJ9fQ:1tid9E:L3_2NIWUpA6OmWT-zdJjVL0XEvfMUjhK6G1bDqZPePQ", "expire_date": "2025-02-27T17:37:12.632Z"}}, {"model": "sessions.session", "pk": "zu40tllzr9jrxgzmbiszntk1ssa61lbr", "fields": {"session_data": "e30:1tkO0v:lvaNOXsk0LaJzXvgsrmSPNd0cLeJH80BDyr0sKwfpFI", "expire_date": "2025-03-04T13:51:53.582Z"}}, {"model": "sites.site", "pk": 1, "fields": {"domain": "pedalpower.example.com", "name": "Pedal Power"}}, {"model": "account.emailaddress", "pk": 1, "fields": {"user": 1, "email": "leepcopeman@gmail.com", "verified": true, "primary": true}}, {"model": "account.emailaddress", "pk": 2, "fields": {"user": 2, "email": "leecopeman@hotmail.com", "verified": true, "primary": true}}, {"model": "account.emailaddress", "pk": 3, "fields": {"user": 3, "email": "test@test.com", "verified": true, "primary": true}}, {"model": "products.category", "pk": 1, "fields": {"name": "Road"}}, {"model": "products.category", "pk": 2, "fields": {"name": "Mountain"}}, {"model": "products.category", "pk": 3, "fields": {"name": "Kids"}}, {"model": "products.product", "pk": 1, "fields": {"category": 1, "sku": "ROAD-SIlVER-001", "name": "Silver C48 Road Bike", "image": "image/upload/v1739794208/gasvtmu5d8moipirojro.png", "description": "Experience smooth, high-speed rides with this lightweight silver road bike, designed for performance and endurance. Featuring an aerodynamic aluminum frame, precision Shimano gearing, and responsive disc brakes, this bike offers the perfect balance of speed, control, and comfort. Ideal for both casual riders and serious cyclists, its sleek silver finish adds a touch of elegance to every ride.", "colour": "Silver", "price": "599.00", "rating": "4.2"}}, {"model": "products.product", "pk": 2, "fields": {"category": 1, "sku": "ROAD-YELLOW-001", "name": "Ribble CDR Road Bike", "image": "image/upload/v1739794231/hterfnxgxsbc4da49utv.png", "description": "Designed for performance and visibility, the Ribble Illuminous Yellow Road Bike combines a lightweight aerodynamic frame, precision Shimano gearing, and responsive disc brakes for ultimate control. Its bold high-visibility yellow finish ensures you stand out on the road, day or night. Whether you're training, commuting, or racing, this bike delivers speed, comfort, and style in one sleek package.", "colour": "Yellow", "price": "449.00", "rating": "3.9"}}, {"model": "products.product", "pk": 3, "fields": {"category": 1, "sku": "ROAD-WHITE-001", "name": "Focus White Road Bike", "image": "image/upload/v1739813661/nevk7z18ccmycp52n288.png", "description": "The Felt White Road Bike is built for cyclists who demand speed, precision, and a sleek design. Featuring a lightweight aerodynamic frame, smooth Shimano gearing, and responsive disc brakes, it delivers exceptional performance on any road. The crisp white finish adds a touch of elegance, making it the perfect blend of style and speed. Whether you're training or commuting, this bike ensures a smooth and efficient ride.", "colour": "White", "price": "349.00", "rating": "3.9"}}, {"model": "products.product", "pk": 4, "fields": {"category": 1, "sku": "ROAD-BLUE-001", "name": "Trek SLX Blue Road Bike", "image": "image/upload/v1739794146/vpaclrs7c7tdcjcnkhsl.png", "description": "Designed for speed and endurance, the Trek Blue Road Bike features a lightweight aerodynamic frame for effortless performance on the road. Its smooth-shifting drivetrain ensures seamless gear changes, while powerful disc brakes provide reliable stopping power in all conditions. With a striking blue finish, this bike offers both style and high performance, making it the perfect choice for cyclists who crave adventure.", "colour": "Blue", "price": "299.00", "rating": "3.4"}}, {"model": "products.product", "pk": 5, "fields": {"category": 1, "sku": "ROAD-RED-001", "name": "BH Red Road Bike", "image": "image/upload/v1739794285/cj3dq6nww1xhlzvqvsxc.png", "description": "Built for performance, the BH Red Road Bike combines a lightweight, aerodynamic frame with a responsive drivetrain for smooth, efficient rides. Its bold red finish exudes speed and style, while reliable braking and agile handling ensure confidence on any terrain. Whether you're racing, training, or tackling long-distance rides, this bike is designed to keep you moving fast and in control.", "colour": "Red", "price": "479.00", "rating": "4.3"}}, {"model": "products.product", "pk": 6, "fields": {"category": 2, "sku": "MOUNT-WHITE-001", "name": "Polygon White Mountain Bike", "image": "image/upload/v1739794134/rbqnswhosmuef8ce4tcu.png", "description": "Conquer any trail with the Polygon White Mountain Bike, designed for durability, control, and versatility. Its lightweight yet sturdy frame, responsive suspension, and rugged all-terrain tires ensure a smooth ride over rough terrain. The crisp white finish adds a sleek, modern look, making it perfect for both trail enthusiasts and off-road adventurers. Get ready to ride with confidence and style!", "colour": "White", "price": "599.00", "rating": "4.1"}}, {"model": "products.product", "pk": 7, "fields": {"category": 2, "sku": "MOUNT-ORANGE-001", "name": "Norco Orange Mountain Bike", "image": "image/upload/v1739794122/adgai070ain79l4jtrza.png", "description": "Take on any trail with the Norco Orange Mountain Bike, engineered for strength, control, and all-terrain performance. Featuring a durable frame, responsive suspension, and grippy tires, this bike delivers smooth handling on rough terrain. Its bold orange finish ensures you stand out on the trails while riding with confidence and style. Ready for your next off-road adventure?", "colour": "Orange", "price": "499.00", "rating": "3.9"}}, {"model": "products.product", "pk": 8, "fields": {"category": 2, "sku": "MOUNT-GREY-001", "name": "T-129 Grey Mountain Bike", "image": "image/upload/v1739794109/meoylmkisq1fb3wzyel8.png", "description": "The T-129 Grey Mountain Bike is built for riders who demand agility, control, and durability on rugged terrain. Its lightweight yet tough frame, advanced suspension system, and high-traction tires ensure a smooth and confident ride over any obstacle. With a sleek grey finish, this bike blends modern style with high-performance engineering, making it the perfect choice for trail enthusiasts and off-road adventurers.", "colour": "Grey", "price": "649.00", "rating": "4.2"}}, {"model": "products.product", "pk": 9, "fields": {"category": 3, "sku": "KIDS-ORANGE-001", "name": "KU Orange Kids Bike", "image": "image/upload/v1739794078/wajp8xvlybhhkhrnyr5g.png", "description": "The KU Orange Kids Bike is designed for young riders who love to explore! With a lightweight frame, easy-to-use brakes, and stable tires, it ensures a smooth and safe ride on any adventure. The bright orange finish adds a fun, energetic touch, making every ride exciting. Perfect for building confidence and enjoying the outdoors!", "colour": "Orange", "price": "149.00", "rating": "3.5"}}, {"model": "products.product", "pk": 10, "fields": {"category": 3, "sku": "KIDS-PINK-001", "name": "Lumi Pink Kids Bike", "image": "image/upload/v1739794093/jjnrbhrnsa3cs5uffyfe.png", "description": "The Lumi Pink Kids Bike is perfect for little riders who love adventure! With a lightweight frame, easy-to-use brakes, and stable tires, it offers a smooth, safe, and comfortable ride. The vibrant pink design adds a touch of fun and style, making every ride exciting. Ideal for kids learning to ride and building confidence on two wheels!", "colour": "Pink", "price": "199.00", "rating": "3.1"}}, {"model": "products.product", "pk": 11, "fields": {"category": 3, "sku": "KIDS-BLUE-001", "name": "Kross Blue Balance Bike", "image": "image/upload/v1739793250/bupv5sbu03iw3qshvoiu.png", "description": "The Kross Blue Balance Bike is designed to help little riders develop balance and coordination with ease. Its lightweight frame, grippy tires, and comfortable handlebars provide a smooth and stable ride, making it the ideal first bike. The vibrant blue finish adds a fun and stylish touch, perfect for kids learning to ride with confidence!", "colour": "Blue", "price": "79.00", "rating": "3.8"}}, {"model": "checkout.order", "pk": 1, "fields": {"order_number": "F402DB02C1EC4551A8AB5E0DEB40AABA", "user_profile": null, "full_name": "test", "email": "test@test.com", "phone_number": "1234567890", "address": "123 street", "town_or_city": "anywhere", "county": null, "postcode": null, "country": "AF", "status": "PENDING", "date": "2025-02-19T12:56:12.098Z", "delivery_cost": "0.00", "order_total": "0.00", "grand_total": "0.00"}}, {"model": "checkout.order", "pk": 2, "fields": {"order_number": "6C797DD4A3194F0DA6F26FF7E69DAEB8", "user_profile": null, "full_name": "test", "email": "test@test.com", "phone_number": "1234567890", "address": "123 the street", "town_or_city": "anywhere", "county": null, "postcode": null, "country": "AF", "status": "PENDING", "date": "2025-02-19T13:00:27.462Z", "delivery_cost": "0.00", "order_total": "0.00", "grand_total": "0.00"}}, {"model": "checkout.order", "pk": 3, "fields": {"order_number": "A9D2D3A7040247959D68317E2044DC73", "user_profile": null, "full_name": "test", "email": "test@test.com", "phone_number": "1234567890", "address": "123 street", "town_or_city": "anywhere", "county": null, "postcode": null, "country": "AF", "status": "PENDING", "date": "2025-02-19T13:05:57.902Z", "delivery_cost": "0.00", "order_total": "0.00", "grand_total": "0.00"}}, {"model": "checkout.order", "pk": 4, "fields": {"order_number": "D7FDE3048487496AB75FFD11B4EF0F96", "user_profile": null, "full_name": "test", "email": "test@test.com", "phone_number": "1234567890", "address": "the sreet", "town_or_city": "anywhere", "county": null, "postcode": null, "country": "AF", "status": "PENDING", "date": "2025-02-19T13:07:49.657Z", "delivery_cost": "15.00", "order_total": "449.00", "grand_total": "464.00"}}, {"model": "checkout.order", "pk": 5, "fields": {"order_number": "E5C9A6569F664B92BA2B02249C053E6D", "user_profile": null, "full_name": "test", "email": "test@test.com", "phone_number": "1234567890", "address": "the street", "town_or_city": "anywhere", "county": null, "postcode": null, "country": "AF", "status": "PENDING", "date": "2025-02-19T13:13:08.327Z", "delivery_cost": "15.00", "order_total": "449.00", "grand_total": "464.00"}}, {"model": "checkout.order", "pk": 6, "fields": {"order_number": "9FC4290B9B72414B8A80D512E118E11A", "user_profile": null, "full_name": "test", "email": "test@test.com", "phone_number": "1234567890", "address": "12 street", "town_or_city": "anywhere", "county": null, "postcode": null, "country": "AF", "status": "PENDING", "date": "2025-02-19T14:16:39.076Z", "delivery_cost": "15.00", "order_total": "199.00", "grand_total": "214.00"}}, {"model": "checkout.order", "pk": 7, "fields": {"order_number": "C421F845B36D40D2AE7CB70D9C7D1549", "user_profile": null, "full_name": "test", "email": "test@test.com", "phone_number": "1234567890", "address": "123 street", "town_or_city": "anywhere", "county": null, "postcode": null, "country": "GB", "status": "PENDING", "date": "2025-02-19T14:38:54.450Z", "delivery_cost": "0.00", "order_total": "1298.00", "grand_total": "1298.00"}}, {"model": "checkout.order", "pk": 8, "fields": {"order_number": "4D9B501F346E4E9CBE233F583F603C47", "user_profile": null, "full_name": "test", "email": "test@test.com", "phone_number": "1234567890", "address": "123 street", "town_or_city": "anywhere", "county": null, "postcode": null, "country": "AF", "status": "PENDING", "date": "2025-02-19T16:23:21.754Z", "delivery_cost": "15.00", "order_total": "449.00", "grand_total": "464.00"}}, {"model": "checkout.order", "pk": 9, "fields": {"order_number": "0148C56B4BB747689FAB956EBE33D23B", "user_profile": null, "full_name": "test", "email": "test@test.com", "phone_number": "1234567890", "address": "123 street", "town_or_city": "anywhere", "county": null, "postcode": null, "country": "AF", "status": "PENDING", "date": "2025-02-19T16:29:49.898Z", "delivery_cost": "15.00", "order_total": "349.00", "grand_total": "364.00"}}, {"model": "checkout.order", "pk": 10, "fields": {"order_number": "D574579ED4F0448BA07829C1BC706BA8", "user_profile": null, "full_name": "test", "email": "test@test.com", "phone_number": "1234567890", "address": "123", "town_or_city": "anywhere", "county": null, "postcode": null, "country": "AF", "status": "PENDING", "date": "2025-02-19T16:34:00.434Z", "delivery_cost": "15.00", "order_total": "299.00", "grand_total": "314.00"}}, {"model": "checkout.order", "pk": 11, "fields": {"order_number": "DECADCD779964317A2E40558AEDC561A", "user_profile": null, "full_name": "test", "email": "test@test.com", "phone_number": "1234567890", "address": "123", "town_or_city": "anywhere", "county": null, "postcode": null, "country": "AF", "status": "PENDING", "date": "2025-02-19T16:44:53.145Z", "delivery_cost": "15.00", "order_total": "449.00", "grand_total": "464.00"}}, {"model": "checkout.order", "pk": 12, "fields": {"order_number": "64E70BD38A694E479B537DA917F5C5EC", "user_profile": null, "full_name": "test", "email": "test@test.com", "phone_number": "1234567890", "address": "123", "town_or_city": "anywhere", "county": null, "postcode": null, "country": "AF", "status": "PENDING", "date": "2025-02-19T16:46:51.769Z", "delivery_cost": "0.00", "order_total": "599.00", "grand_total": "599.00"}}, {"model": "checkout.order", "pk": 13, "fields": {"order_number": "79C1F107E0844DE7A8734592216FEC80", "user_profile": null, "full_name": "test", "email": "test@test.com", "phone_number": "1234567890", "address": "123", "town_or_city": "anywhere", "county": null, "postcode": null, "country": "AF", "status": "PENDING", "date": "2025-02-19T16:48:59.326Z", "delivery_cost": "15.00", "order_total": "449.00", "grand_total": "464.00"}}, {"model": "checkout.order", "pk": 14, "fields": {"order_number": "F80937A3D66E45F982C9C34A85054248", "user_profile": null, "full_name": "test", "email": "test@test.com", "phone_number": "1234567890", "address": "123", "town_or_city": "anywhere", "county": null, "postcode": null, "country": "AF", "status": "PENDING", "date": "2025-02-19T16:51:06.771Z", "delivery_cost": "15.00", "order_total": "479.00", "grand_total": "494.00"}}, {"model": "checkout.order", "pk": 15, "fields": {"order_number": "1412A657A76A468D922D9C37A5B40A7C", "user_profile": null, "full_name": "test", "email": "test@test.com", "phone_number": "1234567890", "address": "123", "town_or_city": "anywhere", "county": null, "postcode": null, "country": "AF", "status": "PENDING", "date": "2025-02-19T16:54:27.557Z", "delivery_cost": "15.00", "order_total": "479.00", "grand_total": "494.00"}}, {"model": "checkout.order", "pk": 16, "fields": {"order_number": "CE7E1D7E8FAB426C877B37E6DB6FE61C", "user_profile": null, "full_name": "test", "email": "test@test.com", "phone_number": "1234567890", "address": "123", "town_or_city": "anywhere", "county": null, "postcode": null, "country": "AF", "status": "PENDING", "date": "2025-02-19T16:56:15.382Z", "delivery_cost": "0.00", "order_total": "599.00", "grand_total": "599.00"}}, {"model": "checkout.order", "pk": 17, "fields": {"order_number": "E79A1A80B97842ACA56DA297F3E9FCB0", "user_profile": 2, "full_name": "test", "email": "test@test.com", "phone_number": "1234567890", "address": "123 street", "town_or_city": "anywhere", "county": null, "postcode": null, "country": "AX", "status": "PENDING", "date": "2025-02-19T17:31:05.339Z", "delivery_cost": "15.00", "order_total": "149.00", "grand_total": "164.00"}}, {"model": "checkout.order", "pk": 18, "fields": {"order_number": "23A88CDEC554433A8462B3AF4C5B8498", "user_profile": 2, "full_name": "test", "email": "leecopeman@hotmail.com", "phone_number": "1234567890", "address": "123 street", "town_or_city": "anywhere", "county": null, "postcode": null, "country": "AX", "status": "Paid", "date": "2025-02-20T14:49:48.219Z", "delivery_cost": "15.00", "order_total": "449.00", "grand_total": "464.00"}}, {"model": "checkout.order", "pk": 19, "fields": {"order_number": "BCB26CE45F804745A9161A3A9261420A", "user_profile": null, "full_name": "test", "email": "test@test.com", "phone_number": "1234567890", "address": "123", "town_or_city": "anywhere", "county": null, "postcode": null, "country": "AF", "status": "PENDING", "date": "2025-02-20T20:23:46.361Z", "delivery_cost": "15.00", "order_total": "499.00", "grand_total": "514.00"}}, {"model": "checkout.order", "pk": 20, "fields": {"order_number": "A0F336CAFD8B4B95A98CA9DB813276BB", "user_profile": null, "full_name": "test", "email": "test@test.com", "phone_number": "1234567890", "address": "123", "town_or_city": "anywhere", "county": null, "postcode": null, "country": "AF", "status": "PENDING", "date": "2025-02-21T11:18:58.783Z", "delivery_cost": "0.00", "order_total": "1126.00", "grand_total": "1126.00"}}, {"model": "checkout.order", "pk": 21, "fields": {"order_number": "A9EC4011FAE3475B995B949631C4D2C6", "user_profile": 2, "full_name": "test", "email": "leecopeman@hotmail.com", "phone_number": "1234567890", "address": "98 lincoln street", "town_or_city": "norwich", "county": null, "postcode": "nr2 3lb", "country": "GB", "status": "Paid", "date": "2025-02-21T12:43:25.162Z", "delivery_cost": "15.00", "order_total": "449.00", "grand_total": "464.00"}}, {"model": "checkout.order", "pk": 22, "fields": {"order_number": "5CA5A378291B4E82A90EE005F4ECB720", "user_profile": 2, "full_name": "test", "email": "leecopeman@hotmail.com", "phone_number": "1234567890", "address": "98 lincoln street", "town_or_city": "norwich", "county": null, "postcode": "nr2 3lb", "country": "GB", "status": "Paid", "date": "2025-02-21T12:48:22.928Z", "delivery_cost": "15.00", "order_total": "349.00", "grand_total": "364.00"}}, {"model": "checkout.order", "pk": 23, "fields": {"order_number": "C27B12E05CCB4C0E9EE46C3529EA9C60", "user_profile": 2, "full_name": "test", "email": "leecopeman@hotmail.com", "phone_number": "1234567890", "address": "98 lincoln street", "town_or_city": "norwich", "county": null, "postcode": "nr2 3lb", "country": "GB", "status": "PAID", "date": "2025-02-21T12:58:16.505Z", "delivery_cost": "15.00", "order_total": "349.00", "grand_total": "364.00"}}, {"model": "checkout.order", "pk": 24, "fields": {"order_number": "4875EEF9D1404BDFB9B25E71B02EE15B", "user_profile": 2, "full_name": "test", "email": "leecopeman@hotmail.com", "phone_number": "1234567890", "address": "98 lincoln street", "town_or_city": "norwich", "county": null, "postcode": "nr2 3lb", "country": "GB", "status": "Paid", "date": "2025-02-21T14:25:11.390Z", "delivery_cost": "0.00", "order_total": "599.00", "grand_total": "599.00"}}, {"model": "checkout.order", "pk": 25, "fields": {"order_number": "0EC4DF25C3154698AD8A0393C828E7B9", "user_profile": 2, "full_name": "test", "email": "leecopeman@hotmail.com", "phone_number": "1234567890", "address": "98 lincoln street", "town_or_city": "norwich", "county": null, "postcode": "nr2 3lb", "country": "GB", "status": "Paid", "date": "2025-02-22T09:13:05.618Z", "delivery_cost": "0.00", "order_total": "599.00", "grand_total": "599.00"}}, {"model": "checkout.order", "pk": 26, "fields": {"order_number": "06B188780913405BB416834A968E6416", "user_profile": 2, "full_name": "test", "email": "leecopeman@hotmail.com", "phone_number": "1234567890", "address": "98 lincoln street", "town_or_city": "norwich", "county": null, "postcode": "nr2 3lb", "country": "GB", "status": "PAID", "date": "2025-02-22T09:16:23.775Z", "delivery_cost": "0.00", "order_total": "599.00", "grand_total": "599.00"}}, {"model": "checkout.order", "pk": 27, "fields": {"order_number": "46C48CC106A34B9C81E0331A89832D22", "user_profile": 2, "full_name": "test", "email": "leecopeman@hotmail.com", "phone_number": "1234567890", "address": "98 lincoln street", "town_or_city": "norwich", "county": null, "postcode": "nr2 3lb", "country": "GB", "status": "PAID", "date": "2025-02-22T09:24:51.138Z", "delivery_cost": "0.00", "order_total": "958.00", "grand_total": "958.00"}}, {"model": "checkout.order", "pk": 28, "fields": {"order_number": "468F800C51C1439A82587F22BA6D88A9", "user_profile": 2, "full_name": "testyy", "email": "leecopeman@hotmail.com", "phone_number": "1234567890", "address": "98 lincoln street", "town_or_city": "norwich", "county": null, "postcode": "nr2 3lb", "country": "GB", "status": "PAID", "date": "2025-02-22T10:39:58.475Z", "delivery_cost": "15.00", "order_total": "349.00", "grand_total": "364.00"}}, {"model": "checkout.order", "pk": 29, "fields": {"order_number": "B684F76879C740D3B1D75D5F6D5F173E", "user_profile": 2, "full_name": "test", "email": "leecopeman@hotmail.com", "phone_number": "1234567890", "address": "98 lincoln street", "town_or_city": "norwich", "county": null, "postcode": "nr2 3lb", "country": "GB", "status": "PAID", "date": "2025-02-22T10:47:02.775Z", "delivery_cost": "0.00", "order_total": "977.00", "grand_total": "977.00"}}, {"model": "checkout.order", "pk": 30, "fields": {"order_number": "986D35BE05964F9585A4DC3625F5CEB9", "user_profile": null, "full_name": "test", "email": "leecopeman@hotmail.com", "phone_number": "1234567890", "address": "98 lincoln street", "town_or_city": "norwich", "county": null, "postcode": "nr2 3lb", "country": "GB", "status": "PENDING", "date": "2025-02-22T10:48:28.998Z", "delivery_cost": "0.00", "order_total": "0.00", "grand_total": "0.00"}}, {"model": "checkout.order", "pk": 31, "fields": {"order_number": "2875754955A7427BB165A3EEA41DCACE", "user_profile": 2, "full_name": "test", "email": "leecopeman@hotmail.com", "phone_number": "1234567890", "address": "98 lincoln street", "town_or_city": "norwich", "county": null, "postcode": "nr2 3lb", "country": "GB", "status": "PAID", "date": "2025-02-22T11:12:34.758Z", "delivery_cost": "15.00", "order_total": "349.00", "grand_total": "364.00"}}, {"model": "checkout.order", "pk": 32, "fields": {"order_number": "8838F42139564B608D80741A4852399F", "user_profile": 2, "full_name": "test", "email": "leecopeman@hotmail.com", "phone_number": "1234567890", "address": "98 lincoln street", "town_or_city": "norwich", "county": null, "postcode": "nr2 3lb", "country": "GB", "status": "PAID", "date": "2025-02-22T11:46:17.338Z", "delivery_cost": "15.00", "order_total": "398.00", "grand_total": "413.00"}}, {"model": "checkout.order", "pk": 33, "fields": {"order_number": "A0E6B9A9EB94469980D1266098DAABE1", "user_profile": 2, "full_name": "test", "email": "leecopeman@hotmail.com", "phone_number": "1234567890", "address": "98 lincoln street", "town_or_city": "norwich", "county": null, "postcode": "nr2 3lb", "country": "GB", "status": "PAID", "date": "2025-02-22T14:40:52.583Z", "delivery_cost": "15.00", "order_total": "449.00", "grand_total": "464.00"}}, {"model": "checkout.orderlineitem", "pk": 1, "fields": {"order": 4, "product": 2, "quantity": 1, "lineitem_total": "449.00"}}, {"model": "checkout.orderlineitem", "pk": 2, "fields": {"order": 5, "product": 2, "quantity": 1, "lineitem_total": "449.00"}}, {"model": "checkout.orderlineitem", "pk": 3, "fields": {"order": 6, "product": 10, "quantity": 1, "lineitem_total": "199.00"}}, {"model": "checkout.orderlineitem", "pk": 4, "fields": {"order": 7, "product": 8, "quantity": 2, "lineitem_total": "1298.00"}}, {"model": "checkout.orderlineitem", "pk": 5, "fields": {"order": 8, "product": 2, "quantity": 1, "lineitem_total": "449.00"}}, {"model": "checkout.orderlineitem", "pk": 6, "fields": {"order": 9, "product": 3, "quantity": 1, "lineitem_total": "349.00"}}, {"model": "checkout.orderlineitem", "pk": 7, "fields": {"order": 10, "product": 4, "quantity": 1, "lineitem_total": "299.00"}}, {"model": "checkout.orderlineitem", "pk": 8, "fields": {"order": 11, "product": 2, "quantity": 1, "lineitem_total": "449.00"}}, {"model": "checkout.orderlineitem", "pk": 9, "fields": {"order": 12, "product": 1, "quantity": 1, "lineitem_total": "599.00"}}, {"model": "checkout.orderlineitem", "pk": 10, "fields": {"order": 13, "product": 2, "quantity": 1, "lineitem_total": "449.00"}}, {"model": "checkout.orderlineitem", "pk": 11, "fields": {"order": 14, "product": 5, "quantity": 1, "lineitem_total": "479.00"}}, {"model": "checkout.orderlineitem", "pk": 12, "fields": {"order": 15, "product": 5, "quantity": 1, "lineitem_total": "479.00"}}, {"model": "checkout.orderlineitem", "pk": 13, "fields": {"order": 16, "product": 6, "quantity": 1, "lineitem_total": "599.00"}}, {"model": "checkout.orderlineitem", "pk": 14, "fields": {"order": 17, "product": 9, "quantity": 1, "lineitem_total": "149.00"}}, {"model": "checkout.orderlineitem", "pk": 15, "fields": {"order": 18, "product": 2, "quantity": 1, "lineitem_total": "449.00"}}, {"model": "checkout.orderlineitem", "pk": 16, "fields": {"order": 19, "product": 7, "quantity": 1, "lineitem_total": "499.00"}}, {"model": "checkout.orderlineitem", "pk": 17, "fields": {"order": 20, "product": 11, "quantity": 1, "lineitem_total": "79.00"}}, {"model": "checkout.orderlineitem", "pk": 18, "fields": {"order": 20, "product": 3, "quantity": 3, "lineitem_total": "1047.00"}}, {"model": "checkout.orderlineitem", "pk": 19, "fields": {"order": 21, "product": 2, "quantity": 1, "lineitem_total": "449.00"}}, {"model": "checkout.orderlineitem", "pk": 20, "fields": {"order": 22, "product": 3, "quantity": 1, "lineitem_total": "349.00"}}, {"model": "checkout.orderlineitem", "pk": 21, "fields": {"order": 23, "product": 3, "quantity": 1, "lineitem_total": "349.00"}}, {"model": "checkout.orderlineitem", "pk": 22, "fields": {"order": 24, "product": 1, "quantity": 1, "lineitem_total": "599.00"}}, {"model": "checkout.orderlineitem", "pk": 23, "fields": {"order": 25, "product": 1, "quantity": 1, "lineitem_total": "599.00"}}, {"model": "checkout.orderlineitem", "pk": 24, "fields": {"order": 26, "product": 1, "quantity": 1, "lineitem_total": "599.00"}}, {"model": "checkout.orderlineitem", "pk": 25, "fields": {"order": 27, "product": 5, "quantity": 2, "lineitem_total": "958.00"}}, {"model": "checkout.orderlineitem", "pk": 26, "fields": {"order": 28, "product": 3, "quantity": 1, "lineitem_total": "349.00"}}, {"model": "checkout.orderlineitem", "pk": 27, "fields": {"order": 29, "product": 2, "quantity": 2, "lineitem_total": "898.00"}}, {"model": "checkout.orderlineitem", "pk": 28, "fields": {"order": 29, "product": 11, "quantity": 1, "lineitem_total": "79.00"}}, {"model": "checkout.orderlineitem", "pk": 29, "fields": {"order": 31, "product": 3, "quantity": 1, "lineitem_total": "349.00"}}, {"model": "checkout.orderlineitem", "pk": 30, "fields": {"order": 32, "product": 10, "quantity": 2, "lineitem_total": "398.00"}}, {"model": "checkout.orderlineitem", "pk": 31, "fields": {"order": 33, "product": 2, "quantity": 1, "lineitem_total": "449.00"}}, {"model": "profiles.profile", "pk": 1, "fields": {"user": 1, "default_phone_number": null, "default_address": null, "default_town_or_city": null, "default_county": null, "default_postcode": null, "default_country": null}}, {"model": "profiles.profile", "pk": 2, "fields": {"user": 2, "default_phone_number": "1234567890", "default_address": "98 lincoln street", "default_town_or_city": "norwich", "default_county": null, "default_postcode": "nr2 3lb", "default_country": "GB"}}, {"model": "profiles.profile", "pk": 3, "fields": {"user": 3, "default_phone_number": null, "default_address": null, "default_town_or_city": null, "default_county": null, "default_postcode": null, "default_country": null}}, {"model": "profiles.profile", "pk": 4, "fields": {"user": 4, "default_phone_number": null, "default_address": null, "default_town_or_city": null, "default_county": null, "default_postcode": null, "default_country": null}}]